handle,title,image_url,min_price,max_price,sizes,size_categories,shapes,colors,styles,usages,tags,is_rug_pad,embedding_text
comfg-0002c-beige,Padsecure 0002C Beige Rug Pad,https://cdn.shopify.com/s/files/1/0679/5765/3814/files/0002c.jpg?v=1762214074,7.6,151.6,[],[],['rectangle'],"['beige', 'tan']",[],[],"Category: Rug Pad/Rug Pad, Collection: COMFG, Fiber Type: Polyester, Non-Slip, Rug Pad, Shape: Rectangle, Style Type: Rug Pad, Weave: Machine-Woven",True,"Padsecure 0002C Beige Rug Pad beige tan Category: Rug Pad/Rug Pad, Collection: COMFG, Fiber Type: Polyester, Non-Slip, Rug Pad, Shape: Rectangle, Style Type: Rug Pad, Weave: Machine-Woven"
gripmax-0004e-grey,Gripmax 0004E Grey Rug Pad,https://cdn.shopify.com/s/files/1/0679/5765/3814/files/0004e.jpg?v=1762214073,15.6,191.6,[],[],['rectangle'],"['tan', 'grey']",[],[],"Category: Rug Pad/Casual, Collection: GripMax, Fiber Type: Polypropylene, Non-Slip, Rug Pad, Shape: Rectangle, Style Type: Rug Pad, Weave: Machine-Woven",True,"Gripmax 0004E Grey Rug Pad tan grey Category: Rug Pad/Casual, Collection: GripMax, Fiber Type: Polypropylene, Non-Slip, Rug Pad, Shape: Rectangle, Style Type: Rug Pad, Weave: Machine-Woven"
luxeh-0005e-grey,Cushionpro 0005E Grey Rug Pad,https://cdn.shopify.com/s/files/1/0679/5765/3814/files/0005e.jpg?v=1762214076,19.6,251.6,[],[],['rectangle'],"['tan', 'grey']",[],[],"Category: Rug Pad/Rug Pad, Collection: LUXEH, Fiber Type: Polypropylene, Non-Slip, Rug Pad, Shape: Rectangle, Style Type: Rug Pad, Weave: Machine-Woven",True,"Cushionpro 0005E Grey Rug Pad tan grey Category: Rug Pad/Rug Pad, Collection: LUXEH, Fiber Type: Polypropylene, Non-Slip, Rug Pad, Shape: Rectangle, Style Type: Rug Pad, Weave: Machine-Woven"
mai-5927b-ivory,Marina 5927B Ivory/ Navy Trefoil Outdoor Rug,https://cdn.shopify.com/s/files/1/0679/5765/3814/files/marina_5927b_4e455fde-67a6-4351-a5b2-68ac89dee5b3.jpg?v=1762561918,29.5,459.0,[],[],['rectangle'],"['tan', 'navy', 'ivory']",[],['outdoor'],"Category: Outdoor/Casual, Collection: MAI, Fiber Type: Polypropylene, Shape: Rectangle, Style Type: Outdoor, Weave: Machine-Woven",False,"Marina 5927B Ivory/ Navy Trefoil Outdoor Rug tan navy ivory outdoor Category: Outdoor/Casual, Collection: MAI, Fiber Type: Polypropylene, Shape: Rectangle, Style Type: Outdoor, Weave: Machine-Woven"
mai-5929b-navy,Marina 5929B Navy/ Grey Medallion Outdoor Rug,https://cdn.shopify.com/s/files/1/0679/5765/3814/files/marina_5929b_5d1123be-4979-48d3-a2be-9a123f3c831d.jpg?v=1762561923,29.5,459.0,[],[],['rectangle'],"['grey', 'tan', 'navy']",[],['outdoor'],"Category: Outdoor/Casual, Collection: MAI, Fiber Type: Polypropylene, Shape: Rectangle, Style Type: Outdoor, Weave: Machine-Woven",False,"Marina 5929B Navy/ Grey Medallion Outdoor Rug grey tan navy outdoor Category: Outdoor/Casual, Collection: MAI, Fiber Type: Polypropylene, Shape: Rectangle, Style Type: Outdoor, Weave: Machine-Woven"
mai-5929e-grey,Marina 5929E Grey/ Ivory Medallion Outdoor Rug,https://cdn.shopify.com/s/files/1/0679/5765/3814/files/marina_5929e_f0739ed7-67fe-4493-98d7-f6f1731a00c9.jpg?v=1762561922,29.5,459.0,[],[],['rectangle'],"['tan', 'grey', 'ivory']",[],['outdoor'],"Category: Outdoor/Casual, Collection: MAI, Fiber Type: Polypropylene, Shape: Rectangle, Style Type: Outdoor, Weave: Machine-Woven",False,"Marina 5929E Grey/ Ivory Medallion Outdoor Rug tan grey ivory outdoor Category: Outdoor/Casual, Collection: MAI, Fiber Type: Polypropylene, Shape: Rectangle, Style Type: Outdoor, Weave: Machine-Woven"
mai-5929j-tan,Marina 5929J Tan/ Ivory Medallion Outdoor Rug,https://cdn.shopify.com/s/files/1/0679/5765/3814/files/marina_5929j_8a58ef75-f585-46f0-a4ac-16aaab693f67.jpg?v=1762561924,29.5,459.0,[],[],['rectangle'],"['tan', 'ivory']",[],['outdoor'],"Category: Outdoor/Casual, Collection: MAI, Fiber Type: Polypropylene, Shape: Rectangle, Style Type: Outdoor, Weave: Machine-Woven",False,"Marina 5929J Tan/ Ivory Medallion Outdoor Rug tan ivory outdoor Category: Outdoor/Casual, Collection: MAI, Fiber Type: Polypropylene, Shape: Rectangle, Style Type: Outdoor, Weave: Machine-Woven"
mai-5929k-black,Marina 5929K Black/ Tan Medallion Outdoor Rug,https://cdn.shopify.com/s/files/1/0679/5765/3814/files/marina_5929k_b7b4aca8-5fa5-40c7-b810-c6e67f98533c.jpg?v=1762561925,29.5,459.0,[],[],['rectangle'],"['tan', 'black']",[],['outdoor'],"Category: Outdoor/Casual, Collection: MAI, Fiber Type: Polypropylene, Shape: Rectangle, Style Type: Outdoor, Weave: Machine-Woven",False,"Marina 5929K Black/ Tan Medallion Outdoor Rug tan black outdoor Category: Outdoor/Casual, Collection: MAI, Fiber Type: Polypropylene, Shape: Rectangle, Style Type: Outdoor, Weave: Machine-Woven"
mai-6025l-grey,Marina 6025L Grey/ Ivory Lattice Outdoor Rug,https://cdn.shopify.com/s/files/1/0679/5765/3814/files/marina_6025l_13553fa4-ae2b-4cf0-ae47-0d1c9f9ba285.jpg?v=1762561927,29.5,459.0,[],[],['rectangle'],"['tan', 'grey', 'ivory']",[],['outdoor'],"Category: Outdoor/Casual, Collection: MAI, Fiber Type: Polypropylene, Shape: Rectangle, Style Type: Outdoor, Weave: Machine-Woven",False,"Marina 6025L Grey/ Ivory Lattice Outdoor Rug tan grey ivory outdoor Category: Outdoor/Casual, Collection: MAI, Fiber Type: Polypropylene, Shape: Rectangle, Style Type: Outdoor, Weave: Machine-Woven"
mai-7763k-black,Marina 7763K Black/ Ivory Lattice Outdoor Rug,https://cdn.shopify.com/s/files/1/0679/5765/3814/files/marina_7763k_3df298bf-5441-4ad2-93db-d4e17b349887.jpg?v=1762561931,29.5,459.0,[],[],['rectangle'],"['tan', 'black', 'ivory']",[],['outdoor'],"Category: Outdoor/Casual, Collection: MAI, Fiber Type: Polypropylene, Shape: Rectangle, Style Type: Outdoor, Weave: Machine-Woven",False,"Marina 7763K Black/ Ivory Lattice Outdoor Rug tan black ivory outdoor Category: Outdoor/Casual, Collection: MAI, Fiber Type: Polypropylene, Shape: Rectangle, Style Type: Outdoor, Weave: Machine-Woven"
mai-7764e-grey,Marina 7764E Grey/ Ivory Medallion Outdoor Rug,https://cdn.shopify.com/s/files/1/0679/5765/3814/files/marina_7764e_8038a3bb-5226-4a9d-b93f-60c68e740a2b.jpg?v=1762561933,29.5,459.0,[],[],['rectangle'],"['tan', 'grey', 'ivory']",[],['outdoor'],"Category: Outdoor/Casual, Collection: MAI, Fiber Type: Polypropylene, Shape: Rectangle, Style Type: Outdoor, Weave: Machine-Woven",False,"Marina 7764E Grey/ Ivory Medallion Outdoor Rug tan grey ivory outdoor Category: Outdoor/Casual, Collection: MAI, Fiber Type: Polypropylene, Shape: Rectangle, Style Type: Outdoor, Weave: Machine-Woven"
mai-7764j-tan,Marina 7764J Tan/ Ivory Medallion Outdoor Rug,https://cdn.shopify.com/s/files/1/0679/5765/3814/files/marina_7764j_07767251-9f81-4ee5-9dd9-79eacd6af0a9.jpg?v=1762561936,29.5,459.0,[],[],['rectangle'],"['tan', 'ivory']",[],['outdoor'],"Category: Outdoor/Casual, Collection: MAI, Fiber Type: Polypropylene, Shape: Rectangle, Style Type: Outdoor, Weave: Machine-Woven",False,"Marina 7764J Tan/ Ivory Medallion Outdoor Rug tan ivory outdoor Category: Outdoor/Casual, Collection: MAI, Fiber Type: Polypropylene, Shape: Rectangle, Style Type: Outdoor, Weave: Machine-Woven"
mai-7765b-navy,Marina 7765B Navy/ Ivory Lattice Outdoor Rug,https://cdn.shopify.com/s/files/1/0679/5765/3814/files/marina_7765b_8e04afbd-e7e2-4a7f-9b5a-9a82a7eec65e.jpg?v=1762561939,29.5,459.0,[],[],['rectangle'],"['tan', 'navy', 'ivory']",[],['outdoor'],"Category: Outdoor/Casual, Collection: MAI, Fiber Type: Polypropylene, Shape: Rectangle, Style Type: Outdoor, Weave: Machine-Woven",False,"Marina 7765B Navy/ Ivory Lattice Outdoor Rug tan navy ivory outdoor Category: Outdoor/Casual, Collection: MAI, Fiber Type: Polypropylene, Shape: Rectangle, Style Type: Outdoor, Weave: Machine-Woven"
mai-7765y-tan,Marina 7765Y Tan/ Ivory Lattice Outdoor Rug,https://cdn.shopify.com/s/files/1/0679/5765/3814/files/marina_7765y_564936d2-a69f-4a90-84d3-b71d0733253d.jpg?v=1762561941,29.5,459.0,[],[],['rectangle'],"['tan', 'ivory']",[],['outdoor'],"Category: Outdoor/Casual, Collection: MAI, Fiber Type: Polypropylene, Shape: Rectangle, Style Type: Outdoor, Weave: Machine-Woven",False,"Marina 7765Y Tan/ Ivory Lattice Outdoor Rug tan ivory outdoor Category: Outdoor/Casual, Collection: MAI, Fiber Type: Polypropylene, Shape: Rectangle, Style Type: Outdoor, Weave: Machine-Woven"
mei-1295r-red,Meridian 1295R Red/ Ivory Outdoor Lattice Rug,https://cdn.shopify.com/s/files/1/0679/5765/3814/files/meridian_1295r_5f285124-8376-46df-9de1-3348cc6067b8.jpg?v=1762561944,29.5,459.0,[],[],['rectangle'],"['red', 'tan', 'ivory']",[],['outdoor'],"Category: Outdoor/Casual, Collection: MEI, Fiber Type: Polypropylene, Shape: Rectangle, Style Type: Outdoor, Weave: Machine-Woven",False,"Meridian 1295R Red/ Ivory Outdoor Lattice Rug red tan ivory outdoor Category: Outdoor/Casual, Collection: MEI, Fiber Type: Polypropylene, Shape: Rectangle, Style Type: Outdoor, Weave: Machine-Woven"
mei-1506l-blue,Meridian 1506L Blue/ Ivory Outdoor Floral Rug,https://cdn.shopify.com/s/files/1/0679/5765/3814/files/meridian_1506l_e76c9cd8-ae60-45fa-b1d8-d012541c3407.jpg?v=1762561948,29.5,459.0,[],[],['rectangle'],"['blue', 'tan', 'ivory']",[],['outdoor'],"Category: Outdoor/Casual, Collection: MEI, Fiber Type: Polypropylene, Shape: Rectangle, Style Type: Outdoor, Weave: Machine-Woven",False,"Meridian 1506L Blue/ Ivory Outdoor Floral Rug blue tan ivory outdoor Category: Outdoor/Casual, Collection: MEI, Fiber Type: Polypropylene, Shape: Rectangle, Style Type: Outdoor, Weave: Machine-Woven"
mei-1634q-navy,Meridian 1634Q Navy/ Green Outdoor Geometric Rug,https://cdn.shopify.com/s/files/1/0679/5765/3814/files/meridian_1634q_1d89c39b-494f-4138-9c02-9befb8552c56.jpg?v=1762561947,29.5,459.0,[],[],['rectangle'],"['tan', 'navy', 'green']",['modern'],['outdoor'],"Category: Outdoor/Casual, Collection: MEI, Fiber Type: Polypropylene, Shape: Rectangle, Style Type: Outdoor, Weave: Machine-Woven",False,"Meridian 1634Q Navy/ Green Outdoor Geometric Rug tan navy green modern outdoor Category: Outdoor/Casual, Collection: MEI, Fiber Type: Polypropylene, Shape: Rectangle, Style Type: Outdoor, Weave: Machine-Woven"
mei-2205b-navy,Meridian 2205B Navy/ Ivory Outdoor Geometric Rug,https://cdn.shopify.com/s/files/1/0679/5765/3814/files/meridian_2205b_9a106632-0f16-40ce-9fb4-969d4119219b.jpg?v=1762561949,29.5,459.0,[],[],['rectangle'],"['tan', 'navy', 'ivory']",['modern'],['outdoor'],"Category: Outdoor/Casual, Collection: MEI, Fiber Type: Polypropylene, Shape: Rectangle, Style Type: Outdoor, Weave: Machine-Woven",False,"Meridian 2205B Navy/ Ivory Outdoor Geometric Rug tan navy ivory modern outdoor Category: Outdoor/Casual, Collection: MEI, Fiber Type: Polypropylene, Shape: Rectangle, Style Type: Outdoor, Weave: Machine-Woven"
mei-2209b-navy,Meridian 2209B Navy/ Green Outdoor Geometric Rug,https://cdn.shopify.com/s/files/1/0679/5765/3814/files/meridian_2209b_7086ef51-218e-47b7-afff-fe56a51e0a28.jpg?v=1762561952,29.5,459.0,[],[],['rectangle'],"['tan', 'navy', 'green']",['modern'],['outdoor'],"Category: Outdoor/Casual, Collection: MEI, Fiber Type: Polypropylene, Shape: Rectangle, Style Type: Outdoor, Weave: Machine-Woven",False,"Meridian 2209B Navy/ Green Outdoor Geometric Rug tan navy green modern outdoor Category: Outdoor/Casual, Collection: MEI, Fiber Type: Polypropylene, Shape: Rectangle, Style Type: Outdoor, Weave: Machine-Woven"
mei-2598g-green,Meridian 2598G Green/ Ivory Outdoor Geometric Rug,https://cdn.shopify.com/s/files/1/0679/5765/3814/files/meridian_2598g_94bbc870-d5b8-4063-8a01-fe85aef69c5d.jpg?v=1762561954,29.5,459.0,[],[],['rectangle'],"['tan', 'ivory', 'green']",['modern'],['outdoor'],"Category: Outdoor/Casual, Collection: MEI, Fiber Type: Polypropylene, Shape: Rectangle, Style Type: Outdoor, Weave: Machine-Woven",False,"Meridian 2598G Green/ Ivory Outdoor Geometric Rug tan ivory green modern outdoor Category: Outdoor/Casual, Collection: MEI, Fiber Type: Polypropylene, Shape: Rectangle, Style Type: Outdoor, Weave: Machine-Woven"
mei-2598r-red,Meridian 2598R Red/ Ivory Outdoor Geometric Rug,https://cdn.shopify.com/s/files/1/0679/5765/3814/files/meridian_2598r_a5a23578-1132-44b4-ab60-ac3cdbcb831f.jpg?v=1762561956,29.5,459.0,[],[],['rectangle'],"['red', 'tan', 'ivory']",['modern'],['outdoor'],"Category: Outdoor/Casual, Collection: MEI, Fiber Type: Polypropylene, Shape: Rectangle, Style Type: Outdoor, Weave: Machine-Woven",False,"Meridian 2598R Red/ Ivory Outdoor Geometric Rug red tan ivory modern outdoor Category: Outdoor/Casual, Collection: MEI, Fiber Type: Polypropylene, Shape: Rectangle, Style Type: Outdoor, Weave: Machine-Woven"
mei-2598v-blue,Meridian 2598V Blue/ Ivory Outdoor Geometric Rug,https://cdn.shopify.com/s/files/1/0679/5765/3814/files/meridian_2598v_9e2b2321-cacd-4605-bb1e-abd41f30025d.jpg?v=1762561958,29.5,459.0,[],[],['rectangle'],"['blue', 'tan', 'ivory']",['modern'],['outdoor'],"Category: Outdoor/Casual, Collection: MEI, Fiber Type: Polypropylene, Shape: Rectangle, Style Type: Outdoor, Weave: Machine-Woven",False,"Meridian 2598V Blue/ Ivory Outdoor Geometric Rug blue tan ivory modern outdoor Category: Outdoor/Casual, Collection: MEI, Fiber Type: Polypropylene, Shape: Rectangle, Style Type: Outdoor, Weave: Machine-Woven"
mei-2808g-blue,Meridian 2808G Blue/ Green Medallion Oriental Rug,https://cdn.shopify.com/s/files/1/0679/5765/3814/files/meridian_2808g_626323ab-4c68-4f84-816c-402d96e4e7da.jpg?v=1762561959,29.5,459.0,[],[],['rectangle'],"['blue', 'tan', 'green']",['traditional'],['outdoor'],"Category: Outdoor/Traditional, Collection: MEI, Fiber Type: Polypropylene, Shape: Rectangle, Style Type: Outdoor, Weave: Machine-Woven",False,"Meridian 2808G Blue/ Green Medallion Oriental Rug blue tan green traditional outdoor Category: Outdoor/Traditional, Collection: MEI, Fiber Type: Polypropylene, Shape: Rectangle, Style Type: Outdoor, Weave: Machine-Woven"
mei-4295b-blue,Meridian 4295B Blue/ Ivory Lattice Novelty Rug,https://cdn.shopify.com/s/files/1/0679/5765/3814/files/meridian_4295b_0283f8eb-6372-4817-8814-4478257572c6.jpg?v=1762561961,29.5,459.0,[],[],['rectangle'],"['blue', 'tan', 'ivory']",[],['outdoor'],"Category: Outdoor/Casual, Collection: MEI, Fiber Type: Polypropylene, Shape: Rectangle, Style Type: Outdoor, Weave: Machine-Woven",False,"Meridian 4295B Blue/ Ivory Lattice Novelty Rug blue tan ivory outdoor Category: Outdoor/Casual, Collection: MEI, Fiber Type: Polypropylene, Shape: Rectangle, Style Type: Outdoor, Weave: Machine-Woven"
mei-5701b-blue,Meridian 5701B Blue/ Ivory Outdoor Stripe Rug,https://cdn.shopify.com/s/files/1/0679/5765/3814/files/meridian_5701b_cdf3581a-f405-4e12-9c39-a68571f0b8c8.jpg?v=1762561962,29.5,459.0,[],[],['rectangle'],"['blue', 'tan', 'ivory']",[],['outdoor'],"Category: Outdoor/Casual, Collection: MEI, Fiber Type: Polypropylene, Shape: Rectangle, Style Type: Outdoor, Weave: Machine-Woven",False,"Meridian 5701B Blue/ Ivory Outdoor Stripe Rug blue tan ivory outdoor Category: Outdoor/Casual, Collection: MEI, Fiber Type: Polypropylene, Shape: Rectangle, Style Type: Outdoor, Weave: Machine-Woven"
mei-5701r-red,Meridian 5701R Red/ Blue Outdoor Stripe Rug,https://cdn.shopify.com/s/files/1/0679/5765/3814/files/meridian_5701r_242c8593-e9bf-45c7-a184-073b7bbbdfc8.jpg?v=1762561964,29.5,459.0,[],[],['rectangle'],"['red', 'blue', 'tan']",[],['outdoor'],"Category: Outdoor/Casual, Collection: MEI, Fiber Type: Polypropylene, Shape: Rectangle, Style Type: Outdoor, Weave: Machine-Woven",False,"Meridian 5701R Red/ Blue Outdoor Stripe Rug red blue tan outdoor Category: Outdoor/Casual, Collection: MEI, Fiber Type: Polypropylene, Shape: Rectangle, Style Type: Outdoor, Weave: Machine-Woven"
mei-5703b-navy,Meridian 5703B Navy/ Ivory Outdoor Lattice Rug,https://cdn.shopify.com/s/files/1/0679/5765/3814/files/meridian_5703b_4a6d2039-d591-4488-9656-94ceaf625675.jpg?v=1762561965,29.5,459.0,[],[],['rectangle'],"['tan', 'navy', 'ivory']",[],['outdoor'],"Category: Outdoor/Casual, Collection: MEI, Fiber Type: Polypropylene, Shape: Rectangle, Style Type: Outdoor, Weave: Machine-Woven",False,"Meridian 5703B Navy/ Ivory Outdoor Lattice Rug tan navy ivory outdoor Category: Outdoor/Casual, Collection: MEI, Fiber Type: Polypropylene, Shape: Rectangle, Style Type: Outdoor, Weave: Machine-Woven"
mei-5868l-blue,Meridian 5868L Blue/ Green Outdoor Floral Rug,https://cdn.shopify.com/s/files/1/0679/5765/3814/files/meridian_5868l_e8ebb9e0-09b5-4d9c-b76f-56d471c330c9.jpg?v=1762561967,29.5,459.0,[],[],['rectangle'],"['blue', 'tan', 'green']",[],['outdoor'],"Category: Outdoor/Casual, Collection: MEI, Fiber Type: Polypropylene, Shape: Rectangle, Style Type: Outdoor, Weave: Machine-Woven",False,"Meridian 5868L Blue/ Green Outdoor Floral Rug blue tan green outdoor Category: Outdoor/Casual, Collection: MEI, Fiber Type: Polypropylene, Shape: Rectangle, Style Type: Outdoor, Weave: Machine-Woven"
mei-7420a-blue,Meridian 7420A Blue/ Ivory Novelty Geometric Rug,https://cdn.shopify.com/s/files/1/0679/5765/3814/files/meridian_7420a_ee274dd7-1977-4712-b1ef-860aa2fda099.jpg?v=1762561969,29.5,459.0,[],[],['rectangle'],"['blue', 'tan', 'ivory']",['modern'],['outdoor'],"Category: Outdoor/Casual, Collection: MEI, Fiber Type: Polypropylene, Shape: Rectangle, Style Type: Outdoor, Weave: Machine-Woven",False,"Meridian 7420A Blue/ Ivory Novelty Geometric Rug blue tan ivory modern outdoor Category: Outdoor/Casual, Collection: MEI, Fiber Type: Polypropylene, Shape: Rectangle, Style Type: Outdoor, Weave: Machine-Woven"
mei-7541b-navy,Meridian 7541B Navy/ Blue Outdoor Lattice Rug,https://cdn.shopify.com/s/files/1/0679/5765/3814/files/meridian_7541b_a1c99ba5-d071-425c-9baa-9bf0aab539ba.jpg?v=1762561971,29.5,459.0,[],[],['rectangle'],"['blue', 'tan', 'navy']",[],['outdoor'],"Category: Outdoor/Casual, Collection: MEI, Fiber Type: Polypropylene, Shape: Rectangle, Style Type: Outdoor, Weave: Machine-Woven",False,"Meridian 7541B Navy/ Blue Outdoor Lattice Rug blue tan navy outdoor Category: Outdoor/Casual, Collection: MEI, Fiber Type: Polypropylene, Shape: Rectangle, Style Type: Outdoor, Weave: Machine-Woven"
mei-9650b-navy,Meridian 9650B Navy/ Green Outdoor Border Rug,https://cdn.shopify.com/s/files/1/0679/5765/3814/files/meridian_9650b_d9718102-1cf8-473d-b2c9-2e4770b31067.jpg?v=1762561972,29.5,459.0,[],[],['rectangle'],"['tan', 'navy', 'green']",[],['outdoor'],"Category: Outdoor/Casual, Collection: MEI, Fiber Type: Polypropylene, Shape: Rectangle, Style Type: Outdoor, Weave: Machine-Woven",False,"Meridian 9650B Navy/ Green Outdoor Border Rug tan navy green outdoor Category: Outdoor/Casual, Collection: MEI, Fiber Type: Polypropylene, Shape: Rectangle, Style Type: Outdoor, Weave: Machine-Woven"
mei-9652f-blue,Meridian 9652F Blue/ Green Outdoor Stripe Rug,https://cdn.shopify.com/s/files/1/0679/5765/3814/files/meridian_9652f_134fd1c6-42bf-47ce-8004-281939ba7ff6.jpg?v=1762561974,29.5,459.0,[],[],['rectangle'],"['blue', 'tan', 'green']",[],['outdoor'],"Category: Outdoor/Casual, Collection: MEI, Fiber Type: Polypropylene, Shape: Rectangle, Style Type: Outdoor, Weave: Machine-Woven",False,"Meridian 9652F Blue/ Green Outdoor Stripe Rug blue tan green outdoor Category: Outdoor/Casual, Collection: MEI, Fiber Type: Polypropylene, Shape: Rectangle, Style Type: Outdoor, Weave: Machine-Woven"
mei-9754r-red,Meridian 9754R Red/ Ivory Outdoor Geometric Rug,https://cdn.shopify.com/s/files/1/0679/5765/3814/files/meridian_9754r_0033648c-fabb-4d7f-b870-0ce551fca281.jpg?v=1762561975,29.5,459.0,[],[],['rectangle'],"['red', 'tan', 'ivory']",['modern'],['outdoor'],"Category: Outdoor/Casual, Collection: MEI, Fiber Type: Polypropylene, Shape: Rectangle, Style Type: Outdoor, Weave: Machine-Woven",False,"Meridian 9754R Red/ Ivory Outdoor Geometric Rug red tan ivory modern outdoor Category: Outdoor/Casual, Collection: MEI, Fiber Type: Polypropylene, Shape: Rectangle, Style Type: Outdoor, Weave: Machine-Woven"
mei-9929s-blue,Meridian 9929S Blue/ Blue Floral Rug,https://cdn.shopify.com/s/files/1/0679/5765/3814/files/meridian_9929s_476723d7-e1ea-4bee-b957-8d24654e384f.jpg?v=1762561977,29.5,459.0,[],[],['rectangle'],"['blue', 'tan']",[],['outdoor'],"Category: Outdoor/Casual, Collection: MEI, Fiber Type: Polypropylene, Shape: Rectangle, Style Type: Outdoor, Weave: Machine-Woven",False,"Meridian 9929S Blue/ Blue Floral Rug blue tan outdoor Category: Outdoor/Casual, Collection: MEI, Fiber Type: Polypropylene, Shape: Rectangle, Style Type: Outdoor, Weave: Machine-Woven"
mon-697j6-beige,Montego 697J Beige/ Blue Floral Abstract Rug,https://cdn.shopify.com/s/files/1/0679/5765/3814/files/montego_697j_625fa811-4c88-4382-a220-872f65c31c3e.jpg?v=1762561979,49.5,459.5,[],[],['rectangle'],"['beige', 'blue']",['abstract'],['outdoor'],"Category: Outdoor/Casual, Collection: MON, Fiber Type: Polypropylene, Shape: Runner, Style Type: Outdoor, Weave: Machine-Woven",False,"Montego 697J Beige/ Blue Floral Abstract Rug beige blue abstract outdoor Category: Outdoor/Casual, Collection: MON, Fiber Type: Polypropylene, Shape: Runner, Style Type: Outdoor, Weave: Machine-Woven"
myers-myp01-beige,Myers Park Myp01 Beige/ Gold Distressed Oriental Rug,https://cdn.shopify.com/s/files/1/0679/5765/3814/files/myers_park_myp01_9d8e507b-80e6-437c-a1fc-fc7a001d85bb.jpg?v=1762561981,129.5,699.5,[],[],['rectangle'],"['gold', 'beige']",['traditional'],[],"Category: Traditional/Casual, Collection: MYERS, Fiber Type: Polyester, Shape: Runner, Style Type: Traditional, Weave: Machine-Woven",False,"Myers Park Myp01 Beige/ Gold Distressed Oriental Rug gold beige traditional Category: Traditional/Casual, Collection: MYERS, Fiber Type: Polyester, Shape: Runner, Style Type: Traditional, Weave: Machine-Woven"
myers-myp02-blue,Myers Park Myp02 Blue/ Gold Distressed Medallion Rug,https://cdn.shopify.com/s/files/1/0679/5765/3814/files/myers_park_myp02_62d31a4b-6856-4086-b63d-51a7f3dc7ea3.jpg?v=1762561982,129.5,699.5,[],[],['rectangle'],"['gold', 'blue']",['traditional'],[],"Category: Traditional/Casual, Collection: MYERS, Fiber Type: Polyester, Shape: Runner, Style Type: Traditional, Weave: Machine-Woven",False,"Myers Park Myp02 Blue/ Gold Distressed Medallion Rug gold blue traditional Category: Traditional/Casual, Collection: MYERS, Fiber Type: Polyester, Shape: Runner, Style Type: Traditional, Weave: Machine-Woven"
myers-myp03-rust,Myers Park Myp03 Rust/ Blue Distressed Medallion Rug,https://cdn.shopify.com/s/files/1/0679/5765/3814/files/myers_park_myp03_9d6a812c-c90d-4292-93f8-50bd926896c4.jpg?v=1762561984,129.5,699.5,[],[],['rectangle'],['blue'],['traditional'],[],"Category: Traditional/Casual, Collection: MYERS, Fiber Type: Polyester, Shape: Runner, Style Type: Traditional, Weave: Machine-Woven",False,"Myers Park Myp03 Rust/ Blue Distressed Medallion Rug blue traditional Category: Traditional/Casual, Collection: MYERS, Fiber Type: Polyester, Shape: Runner, Style Type: Traditional, Weave: Machine-Woven"
myers-myp04-blue,Myers Park Myp04 Blue/ Ivory Distressed Oriental Rug,https://cdn.shopify.com/s/files/1/0679/5765/3814/files/myers_park_myp04_c3bbde69-1e31-41b3-a880-a81ac451f59f.jpg?v=1762561985,129.5,699.5,[],[],['rectangle'],"['blue', 'ivory']",['traditional'],[],"Category: Traditional/Casual, Collection: MYERS, Fiber Type: Polyester, Shape: Runner, Style Type: Traditional, Weave: Machine-Woven",False,"Myers Park Myp04 Blue/ Ivory Distressed Oriental Rug blue ivory traditional Category: Traditional/Casual, Collection: MYERS, Fiber Type: Polyester, Shape: Runner, Style Type: Traditional, Weave: Machine-Woven"
myers-myp09-yellow,Myers Park Myp09 Yellow/ Blue Abstract Rug,https://cdn.shopify.com/s/files/1/0679/5765/3814/files/myers_park_myp09_61e9a77d-2631-4837-92c3-7c794ebc77a0.jpg?v=1762561987,129.5,699.5,[],[],['rectangle'],['blue'],"['abstract', 'contemporary']",[],"Category: Contemporary/Casual, Collection: MYERS, Fiber Type: Polyester, Shape: Runner, Style Type: Contemporary, Weave: Machine-Woven",False,"Myers Park Myp09 Yellow/ Blue Abstract Rug blue abstract contemporary Category: Contemporary/Casual, Collection: MYERS, Fiber Type: Polyester, Shape: Runner, Style Type: Contemporary, Weave: Machine-Woven"
myers-myp10-beige,Myers Park Myp10 Beige/ Blue Abstract Rug,https://cdn.shopify.com/s/files/1/0679/5765/3814/files/myers_park_myp10_717634ea-cc21-47d2-ba0a-08ad09bd3c7b.jpg?v=1762561989,129.5,699.5,[],[],['rectangle'],"['beige', 'blue']","['abstract', 'contemporary']",[],"Category: Contemporary/Casual, Collection: MYERS, Fiber Type: Polyester, Shape: Runner, Style Type: Contemporary, Weave: Machine-Woven",False,"Myers Park Myp10 Beige/ Blue Abstract Rug beige blue abstract contemporary Category: Contemporary/Casual, Collection: MYERS, Fiber Type: Polyester, Shape: Runner, Style Type: Contemporary, Weave: Machine-Woven"
myers-myp11-beige,Myers Park Myp11 Beige/ Grey Abstract Rug,https://cdn.shopify.com/s/files/1/0679/5765/3814/files/myers_park_myp11_241bca95-3cab-4972-b14c-97a770aaff2a.jpg?v=1762561990,129.5,699.5,[],[],['rectangle'],"['beige', 'grey']","['abstract', 'contemporary']",[],"Category: Contemporary/Casual, Collection: MYERS, Fiber Type: Polyester, Shape: Runner, Style Type: Contemporary, Weave: Machine-Woven",False,"Myers Park Myp11 Beige/ Grey Abstract Rug beige grey abstract contemporary Category: Contemporary/Casual, Collection: MYERS, Fiber Type: Polyester, Shape: Runner, Style Type: Contemporary, Weave: Machine-Woven"
myers-myp12-grey,Myers Park Myp12 Grey/ Blue Abstract Rug,https://cdn.shopify.com/s/files/1/0679/5765/3814/files/myers_park_myp12_a7a8b872-e0b5-4b4f-bfe0-a1f560bfcba1.jpg?v=1762561993,129.5,699.5,[],[],['rectangle'],"['blue', 'grey']","['abstract', 'contemporary']",[],"Category: Contemporary/Casual, Collection: MYERS, Fiber Type: Polyester, Shape: Runner, Style Type: Contemporary, Weave: Machine-Woven",False,"Myers Park Myp12 Grey/ Blue Abstract Rug blue grey abstract contemporary Category: Contemporary/Casual, Collection: MYERS, Fiber Type: Polyester, Shape: Runner, Style Type: Contemporary, Weave: Machine-Woven"
myers-myp17-grey,Myers Park Myp17 Grey/ Charcoal Animal Geometric Rug,https://cdn.shopify.com/s/files/1/0679/5765/3814/files/myers_park_myp17_5ee50938-9a6e-4634-a13e-759098c81926.jpg?v=1762561998,129.5,699.5,[],[],['rectangle'],"['charcoal', 'grey']",['modern'],[],"Category: Casual/Casual, Collection: MYERS, Fiber Type: Polyester, Shape: Runner, Style Type: Casual, Weave: Machine-Woven",False,"Myers Park Myp17 Grey/ Charcoal Animal Geometric Rug charcoal grey modern Category: Casual/Casual, Collection: MYERS, Fiber Type: Polyester, Shape: Runner, Style Type: Casual, Weave: Machine-Woven"
myers-myp18-beige,Myers Park Myp18 Beige/ Grey Animal Geometric Rug,https://cdn.shopify.com/s/files/1/0679/5765/3814/files/myers_park_myp18_535523cc-eb93-40b1-9277-8d1d4c75eb6f.jpg?v=1762562000,129.5,699.5,[],[],['rectangle'],"['beige', 'grey']",['modern'],[],"Category: Casual/Casual, Collection: MYERS, Fiber Type: Polyester, Shape: Runner, Style Type: Casual, Weave: Machine-Woven",False,"Myers Park Myp18 Beige/ Grey Animal Geometric Rug beige grey modern Category: Casual/Casual, Collection: MYERS, Fiber Type: Polyester, Shape: Runner, Style Type: Casual, Weave: Machine-Woven"
myers-myp19-grey,Myers Park Myp19 Grey/ Charcoal Animal Geometric Rug,https://cdn.shopify.com/s/files/1/0679/5765/3814/files/myers_park_myp19_265d35ca-3812-4907-a50f-5e7196eb7d0e.jpg?v=1762562004,129.5,699.5,[],[],['rectangle'],"['charcoal', 'grey']",['modern'],[],"Category: Casual/Casual, Collection: MYERS, Fiber Type: Polyester, Shape: Runner, Style Type: Casual, Weave: Machine-Woven",False,"Myers Park Myp19 Grey/ Charcoal Animal Geometric Rug charcoal grey modern Category: Casual/Casual, Collection: MYERS, Fiber Type: Polyester, Shape: Runner, Style Type: Casual, Weave: Machine-Woven"
outgr-0007c-brown,PadPadOutdoor 0007C Brown Rug Pad,https://cdn.shopify.com/s/files/1/0679/5765/3814/files/0007c.jpg?v=1762214076,7.6,79.6,[],[],['rectangle'],"['brown', 'tan']",[],['outdoor'],"Category: Rug Pad/Rug Pad, Collection: OUTGR, Fiber Type: Polyester, Non-Slip, Rug Pad, Shape: Rectangle, Style Type: Rug Pad, Weave: Machine-Woven",True,"PadPadOutdoor 0007C Brown Rug Pad brown tan outdoor Category: Rug Pad/Rug Pad, Collection: OUTGR, Fiber Type: Polyester, Non-Slip, Rug Pad, Shape: Rectangle, Style Type: Rug Pad, Weave: Machine-Woven"
plc-10301-beige,Palace 10301 Beige/ Grey Oriental Rug,https://cdn.shopify.com/s/files/1/0679/5765/3814/files/palace_10301_52882c27-d023-4858-ae91-1603ab077fc4.jpg?v=1762562005,299.5,6899.0,[],[],['rectangle'],"['beige', 'tan', 'grey']",['traditional'],[],"Category: Traditional/Traditional, Collection: PLC, Fiber Type: Wool, Shape: Rectangle, Style Type: Traditional, Weave: Hand-Knotted",False,"Palace 10301 Beige/ Grey Oriental Rug beige tan grey traditional Category: Traditional/Traditional, Collection: PLC, Fiber Type: Wool, Shape: Rectangle, Style Type: Traditional, Weave: Hand-Knotted"
plc-10302-brown,Palace 10302 Brown/ Beige Oriental Rug,https://cdn.shopify.com/s/files/1/0679/5765/3814/files/palace_10302_0fe6e336-4ff7-4bcf-a7b4-ac5f6e9cc670.jpg?v=1762562007,1299.0,6899.0,[],[],['rectangle'],"['brown', 'beige']",['traditional'],[],"Category: Traditional/Traditional, Collection: PLC, Fiber Type: Wool, Shape: Runner, Style Type: Traditional, Weave: Hand-Knotted",False,"Palace 10302 Brown/ Beige Oriental Rug brown beige traditional Category: Traditional/Traditional, Collection: PLC, Fiber Type: Wool, Shape: Runner, Style Type: Traditional, Weave: Hand-Knotted"
plc-10305-grey,Palace 10305 Grey/ Beige Oriental Rug,https://cdn.shopify.com/s/files/1/0679/5765/3814/files/palace_10305_3734847b-de6c-483a-907f-c612241a030f.jpg?v=1762562010,299.5,6899.0,[],[],['rectangle'],"['beige', 'tan', 'grey']",['traditional'],[],"Category: Traditional/Traditional, Collection: PLC, Fiber Type: Wool, Shape: Rectangle, Style Type: Traditional, Weave: Hand-Knotted",False,"Palace 10305 Grey/ Beige Oriental Rug beige tan grey traditional Category: Traditional/Traditional, Collection: PLC, Fiber Type: Wool, Shape: Rectangle, Style Type: Traditional, Weave: Hand-Knotted"
plc-10306-red,Palace 10306 Red/ Grey Oriental Rug,https://cdn.shopify.com/s/files/1/0679/5765/3814/files/palace_10306_db08ee6f-d440-4735-868c-a250561fdff6.jpg?v=1762562012,299.5,6899.0,[],[],['rectangle'],"['red', 'tan', 'grey']",['traditional'],[],"Category: Traditional/Traditional, Collection: PLC, Fiber Type: Wool, Shape: Rectangle, Style Type: Traditional, Weave: Hand-Knotted",False,"Palace 10306 Red/ Grey Oriental Rug red tan grey traditional Category: Traditional/Traditional, Collection: PLC, Fiber Type: Wool, Shape: Rectangle, Style Type: Traditional, Weave: Hand-Knotted"
plc-10307-beige,Palace 10307 Beige/ Grey Oriental Rug,https://cdn.shopify.com/s/files/1/0679/5765/3814/files/palace_10307_da024bea-b2b2-4a5d-892e-dd41d30be960.jpg?v=1762562014,299.5,6899.0,[],[],['rectangle'],"['beige', 'tan', 'grey']",['traditional'],[],"Category: Traditional/Traditional, Collection: PLC, Fiber Type: Wool, Shape: Rectangle, Style Type: Traditional, Weave: Hand-Knotted",False,"Palace 10307 Beige/ Grey Oriental Rug beige tan grey traditional Category: Traditional/Traditional, Collection: PLC, Fiber Type: Wool, Shape: Rectangle, Style Type: Traditional, Weave: Hand-Knotted"
plc-10308-beige,Palace 10308 Beige/ Green Floral Oriental Rug,https://cdn.shopify.com/s/files/1/0679/5765/3814/files/palace_10308_8x10_19280a64-b1f6-4de2-8dd0-e39d26bbc62c.jpg?v=1762562015,299.5,6899.0,[],[],['rectangle'],"['beige', 'tan', 'green']",['traditional'],[],"Category: Traditional/Traditional, Collection: PLC, Fiber Type: Wool, Shape: Rectangle, Style Type: Traditional, Weave: Hand-Knotted",False,"Palace 10308 Beige/ Green Floral Oriental Rug beige tan green traditional Category: Traditional/Traditional, Collection: PLC, Fiber Type: Wool, Shape: Rectangle, Style Type: Traditional, Weave: Hand-Knotted"
plc-10309-grey,Palace 10309 Grey/ Multi Oriental Rug,https://cdn.shopify.com/s/files/1/0679/5765/3814/files/palace_10309_8x10_01775af8-0d20-4c6a-a94c-2720689904f2.jpg?v=1762562017,299.5,6899.0,[],[],['rectangle'],"['multi', 'tan', 'grey']",['traditional'],[],"Category: Traditional/Traditional, Collection: PLC, Fiber Type: Wool, Shape: Rectangle, Style Type: Traditional, Weave: Hand-Knotted",False,"Palace 10309 Grey/ Multi Oriental Rug multi tan grey traditional Category: Traditional/Traditional, Collection: PLC, Fiber Type: Wool, Shape: Rectangle, Style Type: Traditional, Weave: Hand-Knotted"
plc-10310-beige,Palace 10310 Beige/ Multi Oriental Rug,https://cdn.shopify.com/s/files/1/0679/5765/3814/files/palace_10310_8x10_1a7ce6f1-73ca-48fc-8f71-b6dbf98d6be8.jpg?v=1762562019,299.5,6899.0,[],[],['rectangle'],"['beige', 'multi', 'tan']",['traditional'],[],"Category: Traditional/Traditional, Collection: PLC, Fiber Type: Wool, Shape: Rectangle, Style Type: Traditional, Weave: Hand-Knotted",False,"Palace 10310 Beige/ Multi Oriental Rug beige multi tan traditional Category: Traditional/Traditional, Collection: PLC, Fiber Type: Wool, Shape: Rectangle, Style Type: Traditional, Weave: Hand-Knotted"
plc-10311-blue,Palace 10311 Blue/ Green Oriental Rug,https://cdn.shopify.com/s/files/1/0679/5765/3814/files/palace_10311_8x10_bdd76b0b-4942-4e33-a0a6-ea62d4d27160.jpg?v=1762562021,299.5,6899.0,[],[],['rectangle'],"['blue', 'tan', 'green']",['traditional'],[],"Category: Traditional/Traditional, Collection: PLC, Fiber Type: Wool, Shape: Rectangle, Style Type: Traditional, Weave: Hand-Knotted",False,"Palace 10311 Blue/ Green Oriental Rug blue tan green traditional Category: Traditional/Traditional, Collection: PLC, Fiber Type: Wool, Shape: Rectangle, Style Type: Traditional, Weave: Hand-Knotted"
strad-str01-gold,Strada Str01 Gold/ Blue Geometric Rug,https://cdn.shopify.com/s/files/1/0679/5765/3814/files/strada_str01_685164a4-2e6e-4d4c-b494-d903ecbd2fba.jpg?v=1762562059,279.5,1999.0,[],[],['rectangle'],"['gold', 'blue']","['modern', 'contemporary']",[],"Category: Contemporary/Contemporary, Collection: STRAD, Fiber Type: Nylon/PolyP, Shape: Runner, Style Type: Contemporary, Weave: Machine-Woven",False,"Strada Str01 Gold/ Blue Geometric Rug gold blue modern contemporary Category: Contemporary/Contemporary, Collection: STRAD, Fiber Type: Nylon/PolyP, Shape: Runner, Style Type: Contemporary, Weave: Machine-Woven"
strad-str02-brown,Strada Str02 Brown/ Beige Geometric Rug,https://cdn.shopify.com/s/files/1/0679/5765/3814/files/strada_str02_5aa810ac-8a26-462b-97c9-1f3eb1a08b00.jpg?v=1762562060,279.5,1999.0,[],[],['rectangle'],"['brown', 'beige']","['modern', 'contemporary']",[],"Category: Contemporary/Contemporary, Collection: STRAD, Fiber Type: Nylon/PolyP, Shape: Runner, Style Type: Contemporary, Weave: Machine-Woven",False,"Strada Str02 Brown/ Beige Geometric Rug brown beige modern contemporary Category: Contemporary/Contemporary, Collection: STRAD, Fiber Type: Nylon/PolyP, Shape: Runner, Style Type: Contemporary, Weave: Machine-Woven"
strad-str03-blue,Strada Str03 Blue/ Grey Geometric Rug,https://cdn.shopify.com/s/files/1/0679/5765/3814/files/strada_str03_b7ce5ddf-c6b0-4fb0-b75a-c4fe5dba8bc9.jpg?v=1762562062,279.5,1999.0,[],[],['rectangle'],"['blue', 'grey']","['modern', 'contemporary']",[],"Category: Contemporary/Contemporary, Collection: STRAD, Fiber Type: Nylon/PolyP, Shape: Runner, Style Type: Contemporary, Weave: Machine-Woven",False,"Strada Str03 Blue/ Grey Geometric Rug blue grey modern contemporary Category: Contemporary/Contemporary, Collection: STRAD, Fiber Type: Nylon/PolyP, Shape: Runner, Style Type: Contemporary, Weave: Machine-Woven"
strad-str04-multi,Strada Str04 Multi/ Multi Geometric Rug,https://cdn.shopify.com/s/files/1/0679/5765/3814/files/strada_str04_9d4ebc7d-715d-4422-a553-9d21c59f8236.jpg?v=1762562065,279.5,1999.0,[],[],['rectangle'],['multi'],"['modern', 'contemporary']",[],"Category: Contemporary/Contemporary, Collection: STRAD, Fiber Type: Nylon/PolyP, Shape: Runner, Style Type: Contemporary, Weave: Machine-Woven",False,"Strada Str04 Multi/ Multi Geometric Rug multi modern contemporary Category: Contemporary/Contemporary, Collection: STRAD, Fiber Type: Nylon/PolyP, Shape: Runner, Style Type: Contemporary, Weave: Machine-Woven"
strad-str05-green,Strada Str05 Green/ Beige Geometric Rug,https://cdn.shopify.com/s/files/1/0679/5765/3814/files/strada_str05_bf368ef8-dbf8-4145-a6ab-84666b9b97a5.jpg?v=1762562066,279.5,1999.0,[],[],['rectangle'],"['beige', 'green']","['modern', 'contemporary']",[],"Category: Contemporary/Contemporary, Collection: STRAD, Fiber Type: Nylon/PolyP, Shape: Runner, Style Type: Contemporary, Weave: Machine-Woven",False,"Strada Str05 Green/ Beige Geometric Rug beige green modern contemporary Category: Contemporary/Contemporary, Collection: STRAD, Fiber Type: Nylon/PolyP, Shape: Runner, Style Type: Contemporary, Weave: Machine-Woven"
strad-str06-charcoal,Strada Str06 Charcoal/ Grey Geometric Rug,https://cdn.shopify.com/s/files/1/0679/5765/3814/files/strada_str06_d0442bef-c4a4-40fc-87db-d66d74e8b11f.jpg?v=1762562068,279.5,1999.0,[],[],['rectangle'],"['charcoal', 'grey']","['modern', 'contemporary']",[],"Category: Contemporary/Contemporary, Collection: STRAD, Fiber Type: Nylon/PolyP, Shape: Runner, Style Type: Contemporary, Weave: Machine-Woven",False,"Strada Str06 Charcoal/ Grey Geometric Rug charcoal grey modern contemporary Category: Contemporary/Contemporary, Collection: STRAD, Fiber Type: Nylon/PolyP, Shape: Runner, Style Type: Contemporary, Weave: Machine-Woven"
strad-str07-beige,Strada Str07 Beige/ Multi Geometric Rug,https://cdn.shopify.com/s/files/1/0679/5765/3814/files/strada_str07_b0c7644b-301c-4f7d-ba16-fbf6861b21da.jpg?v=1762562070,279.5,1999.0,[],[],['rectangle'],"['beige', 'multi']","['modern', 'contemporary']",[],"Category: Contemporary/Contemporary, Collection: STRAD, Fiber Type: Nylon/PolyP, Shape: Runner, Style Type: Contemporary, Weave: Machine-Woven",False,"Strada Str07 Beige/ Multi Geometric Rug beige multi modern contemporary Category: Contemporary/Contemporary, Collection: STRAD, Fiber Type: Nylon/PolyP, Shape: Runner, Style Type: Contemporary, Weave: Machine-Woven"
strad-str08-blue,Strada Str08 Blue/ Purple Geometric Rug,https://cdn.shopify.com/s/files/1/0679/5765/3814/files/strada_str08_7506122a-0219-488a-891a-de418001dbac.jpg?v=1762562072,279.5,1999.0,[],[],['rectangle'],['blue'],"['modern', 'contemporary']",[],"Category: Contemporary/Contemporary, Collection: STRAD, Fiber Type: Nylon/PolyP, Shape: Runner, Style Type: Contemporary, Weave: Machine-Woven",False,"Strada Str08 Blue/ Purple Geometric Rug blue modern contemporary Category: Contemporary/Contemporary, Collection: STRAD, Fiber Type: Nylon/PolyP, Shape: Runner, Style Type: Contemporary, Weave: Machine-Woven"
strad-str09-gold,Strada Str09 Gold/ Blue Geometric Rug,https://cdn.shopify.com/s/files/1/0679/5765/3814/files/strada_str09_84c49af1-00d7-48c3-b44a-e9665f1cf5f2.jpg?v=1762562074,279.5,1999.0,[],[],['rectangle'],"['gold', 'blue']","['modern', 'contemporary']",[],"Category: Contemporary/Contemporary, Collection: STRAD, Fiber Type: Nylon/PolyP, Shape: Runner, Style Type: Contemporary, Weave: Machine-Woven",False,"Strada Str09 Gold/ Blue Geometric Rug gold blue modern contemporary Category: Contemporary/Contemporary, Collection: STRAD, Fiber Type: Nylon/PolyP, Shape: Runner, Style Type: Contemporary, Weave: Machine-Woven"
strad-str10-gold,Strada Str10 Gold/ Multi Geometric Rug,https://cdn.shopify.com/s/files/1/0679/5765/3814/files/strada_str10_09979025-a7e1-4d7e-ae1e-060372fb98aa.jpg?v=1762562076,279.5,1999.0,[],[],['rectangle'],"['gold', 'multi']","['modern', 'contemporary']",[],"Category: Contemporary/Contemporary, Collection: STRAD, Fiber Type: Nylon/PolyP, Shape: Runner, Style Type: Contemporary, Weave: Machine-Woven",False,"Strada Str10 Gold/ Multi Geometric Rug gold multi modern contemporary Category: Contemporary/Contemporary, Collection: STRAD, Fiber Type: Nylon/PolyP, Shape: Runner, Style Type: Contemporary, Weave: Machine-Woven"
sureg-0001c-beige,Padlock 0001C Beige Rug Pad,https://cdn.shopify.com/s/files/1/0679/5765/3814/files/0001c.jpg?v=1762214078,7.6,83.6,[],[],['rectangle'],"['beige', 'tan']",[],[],"Category: Rug Pad/Rug Pad, Collection: SUREG, Fiber Type: Polyester, Non-Slip, Rug Pad, Shape: Rectangle, Style Type: Rug Pad, Weave: Machine-Woven",True,"Padlock 0001C Beige Rug Pad beige tan Category: Rug Pad/Rug Pad, Collection: SUREG, Fiber Type: Polyester, Non-Slip, Rug Pad, Shape: Rectangle, Style Type: Rug Pad, Weave: Machine-Woven"
ultrg-0003c-beige,Gripguard 0003C Beige Rug Pad,https://cdn.shopify.com/s/files/1/0679/5765/3814/files/0003c.jpg?v=1762214079,11.6,227.6,[],[],['rectangle'],"['beige', 'tan']",[],[],"Category: Rug Pad/Rug Pad, Collection: ULTRG, Fiber Type: Polyester, Non-Slip, Rug Pad, Shape: Rectangle, Style Type: Rug Pad, Weave: Machine-Woven",True,"Gripguard 0003C Beige Rug Pad beige tan Category: Rug Pad/Rug Pad, Collection: ULTRG, Fiber Type: Polyester, Non-Slip, Rug Pad, Shape: Rectangle, Style Type: Rug Pad, Weave: Machine-Woven"
